id,img,field,name,brand,price,pricestring,ram,rom,maincamrez,selficamrez,tarakompixeli,description
1,1,phone,گوشی شیائومی Redmi A5,shi,7349000,۷.۳۴۹.۰۰۰,4,128,32,8,260,گوشی Redmi A5 به‌عنوان یکی از گزینه‌های اقتصادی بازار در سال ۲۰۲۵، با نمایشگر بزرگ ۶.۸۸ اینچی IPS LCD و نرخ تازه‌سازی ۱۲۰ هرتز، تجربه دیداری بسیار روانی ارائه می‌دهد. رزولوشن ۷۲۰×۱۶۴۰ پیکسل با تراکم حدود ۲۶۰ پیکسل در هر اینچ کیفیت تصویر قابل قبولی برای استفاده روزمره فراهم می‌کند و برای یک گوشی اقتصادی قابل قبول است. این دستگاه مجهز به تراشه Unisoc T7250 هشت هسته‌ای است که عملکرد خوبی در اجرای برنامه‌های سبک و متوسط دارد و برای استفاده معمولی و گشت و گذار در شبکه‌های اجتماعی می‌توانید روی آن حساب کنید. دوربین اصلی ۳۲ مگاپیکسلی با قابلیت HDR عکس‌هایی با جزئیات مناسب ثبت می‌کند و دوربین سلفی ۸ مگاپیکسلی نیز برای تماس‌های ویدیویی و سلفی‌های روزمره کافی است. Redmi A5 از باتری با ظرفیت بسیار خوب ۵۲۰۰ میلی‌آمپر ساعتی بهره می‌برد که دوام خوبی در استفاده طولانی‌مدت ارائه می‌کند و با شارژر ۱۵ واتی همراه است. همچنین حسگر اثر انگشت جانبی، جک ۳.۵ میلی‌متری هدفون و پشتیبانی از کارت حافظه microSD از دیگر ویژگی‌های این گوشی هستند. سیستم‌عامل اندروید ۱۵ نسخه با وعده دو آپدیت اصلی، بهینه‌سازی مناسبی برای سخت‌افزار این دستگاه است و به طور کلی Redmi A5 انتخابی مقرون‌به‌صرفه برای کاربرانی است که به دنبال گوشی با نمایشگر بزرگ، باتری قوی و عملکرد قابل قبول در رده اقتصادی هستند.
2,2,phone,گوشی سامسونگ Galaxy A06,sam,7649000,۷.۶۴۹.۰۰۰,4,64,50,8,262,Samsung Galaxy A06 یکی از گوشی‌های اقتصادی و جدید سامسونگ است که با طراحی شیک، صفحه‌نمایش بزرگ و باتری قدرتمند، گزینه‌ای ایده‌آل برای کاربران روزمره محسوب می‌شود. این گوشی دارای نمایشگر 6.7 اینچی PLS LCD با رزولوشن 720x1600 پیکسل است که تجربه بصری مناسبی را ارائه می‌دهد. در بخش دوربین، از یک حسگر 50 مگاپیکسلی در کنار دوربین ماکرو 2 مگاپیکسلی استفاده شده است که در شرایط نوری مناسب، تصاویر واضح و باکیفیتی ثبت می‌کند. سامسونگ در این مدل از پردازنده MediaTek Helio G85 استفاده کرده که برای کارهای روزمره و اجرای برنامه‌های معمولی، عملکرد خوبی دارد. این گوشی با سیستم‌عامل اندروید 14 و رابط کاربری One UI 6.1 عرضه شده که تجربه نرم‌افزاری به‌روزی را برای کاربران به همراه دارد. همچنین، باتری 5000 میلی‌آمپر ساعتی آن، شارژدهی بالایی دارد و از شارژ سریع 25 واتی پشتیبانی می‌کند. اگر به دنبال یک گوشی هوشمند با قیمت مناسب و امکانات قابل قبول هستید، Galaxy A06 گزینه‌ای ارزشمند خواهد بود.
3,3,phone,گوشی شیائومی Redmi Note 14 4G,shi,16600000,۱۶.۶۰۰.۰۰۰,8,256,108,20,395,شیائومی Redmi Note 14 4G یکی از جدیدترین گوشی‌های سری نوت شیائومی است که همواره از پرفروش‌ترین سری‌های شیائومی بوده‌اند. این موبایل که در ژانویه 2025 معرفی شد، با ابعاد 163.3x76.6x8.2 میلی‌متر و وزن 196.5 گرم طراحی‌ای زیبا و ارگونومیکی دارد. از طرفی با مقاومت در برابر پاشش آب و گرد و غبار و داشتن استاندارد IP54 در شرایط مختلف دوام و پایداری بیشتری ارائه می‌دهد. صفحه ‌نمایش 6.67 اینچی AMOLED با نرخ بروزرسانی 120 هرتز و روشنایی 1800 نیت، نمایش تصاویری زنده و شفاف را تضمین می‌کند. فناوری Always-on Display تجربه‌ای منحصربه‌فرد در مشاهده محتوا فراهم می‌کند. محافظ Corning Gorilla Glass 5 نیز صفحه نمایش را در برابر خط و خش محافظت می‌کند. پردازنده بهینه Mediatek Helio G99 Ultra با معماری 6 نانومتری، در کنار پردازنده گرافیکی Mali-G57 MC2، عملکردی روان و بی‌نقص در اجرای اپلیکیشن‌ها و بازی‌های نیمه سنگین ارائه می‌دهد. باتری 5500 میلی‌آمپرساعتی با قابلیت شارژ سریع 33 وات نیز استفاده طولانی ‌مدت و شارژ سریع را تضمین می‌کند. دوربین اصلی 108 مگاپیکسلی با لنز عریض و فناوری فوکوس PDAF، تصاویری شفاف و حرفه‌ای ثبت می‌کند. دوربین ماکرو 2 مگاپیکسلی تجربه‌ای جذاب برای عکاسی از جزئیات فراهم می‌کند. دوربین سلفی 20 مگاپیکسلی برای عکس‌های شخصی و تماس‌های تصویری بسیار مناسب است. در پایان، ردمی نوت 14 4G با سیستم‌عامل Android 14، بلوتوث 5.3، و حسگر اثرانگشت زیر صفحه نمایش، Redmi Note 14 4G مجموعه‌ای از طراحی زیبا، عملکرد قدرتمند و امکانات متنوع را ارائه می‌دهد که نیازهای کاربران را به‌خوبی برآورده خواهد کرد.
4,4,phone,گوشی شیائومی Poco C71,shi,7260000,۷.۲۶۰.۰۰۰,4,128,32,8,260,گوشی Xiaomi Poco C71 یکی از اقتصادی‌های به روز از سری پوکو است که با ترکیب ویژگی‌هایی همچون نمایشگر روان، باتری پرظرفیت و نرم‌افزار به‌روز، تجربه‌ای فراتر از انتظار ارائه می‌دهد. این گوشی با ضخامت 8.3 میلی‌متر و وزن 193 گرم، طراحی ساده اما مقاومی دارد و طبق اعلام شرکت سازنده، در برابر پاشش آب و گرد و غبار مقاوم است. نمایشگر 6.88 اینچی از نوع IPS LCD با نرخ نوسازی بسیار خوب 120 هرتزی، تماشای محتوا و پیمایش رابط کاربری را روان و لذت‌بخش می‌کند. هرچند وضوح 720×1640 پیکسل تراکم پیکسلی متوسطی دارد، اما روشنایی 600 نیتی آن، خوانایی نسبتا مناسبی را حتی زیر نور مستقیم خورشید فراهم می‌سازد. قدرت پردازشی این گوشی توسط تراشه Unisoc T7250 تأمین می‌شود که برای کاربری روزمره و اجرای برنامه‌های سبک عملکرد رضایت‌بخشی دارد. پشتیبانی از کارت حافظه microSD هم مزیت مهمی در بین گوشی‌های روز محسوب می‌شود. در بخش دوربین، Poco C71 به سنسور اصلی 32 مگاپیکسلی و دوربین سلفی 8 مگاپیکسلی مجهز است که در نور کافی، تصاویر با جزئیات و رنگ‌های طبیعی ثبت می‌کنند. امکاناتی مانند HDR و فیلم‌برداری Full HD هم از دیگر مزیت‌هایی هستند که باعث می‌شوند بتوانید روی تصویربرداری این گوشی حساب کنید. باتری 5200 میلی‌آمپر ساعتی این دستگاه، شارژدهی طولانی‌مدتی را ارائه می‌دهد و با توان شارژ 15 واتی، سرعت شارژی در حد یک گوشی اقتصادی را ارائه می‌دهد. در مجموع با کنار هم گذاشتن تمامی این ویژگی‌ها می‌توان Poco C71 را انتخابی ارزشمند برای افرادی دانست که به دنبال یک گوشی اقتصادی با امکانات متعادل و طراحی مدرن هستند.
5,5,phone,گوشی شیائومی Redmi 13,shi,11300000,۱۱.۳۰۰.۰۰۰,8,256,108,13,396,سری Redmi گوشی‌های هوشمند میان‌رده شیائومی تا به امروز توانسته‌اند با بهره بردن از مشخصات فنی قدرتمند و البته قیمتی مقرون به‌صرفه، عملکرد بسیار درخشانی را از خود به جای بگذارند و شیائومی Redmi Note 13 یکی از این میان‌رده‌های دوست داشتنی است که در برخی از مشخصات فنی در نظر گرفته شده امکاناتی در حد و اندازه یک پرچمدار را در اختیارتان قرار می‌دهد. این گوشی به صفحه‌نمایش با ابعاد 6.67 اینچ و رزولوشن 1080×2400 پیکسل از نوع امولد با نمایش 395 پیکسل در هر اینچ مجهز شده است. نرخ بروزرسانی 120 هرتز و حداکثر روشنایی 1800 نیت (nits) صفحه‌نمایش سبب شده تا عملکرد روان و بدون لگ را شاهد باشید و حتی زیر تابش مستقیم نور خورشید هم وضوح تصویر بسیار خوبی را در اختیارتان قرار می‌دهد. یک سنسور دوربین اصلی 108 مگاپیکسل در کنار سنسور 8 مگاپیکسل فوق‌عریض و سنسور 2 مگاپیکسل ماکرو در قسمت پشتی در نظر گرفته شده است. حضور سنسور دوربین اصلی قدرتمند سبب شده تا عملکرد بسیار خوبی را در زمینه عکاسی نور روز و نور شب شاهد باشید. بریدگی دایره‌ای شکل ناچ در قسمت بالایی و مرکزی صفحه‌نمایش، سنسور دوربین سلفی را در خود جای داده است. حضور پردازنده شش نانومتری Qualcomm SM6225 Snapdragon 685 هم سبب شده تا Redmi Note 13 در اجرای بازی‌های محبوب و نرم‌افزار‌های کاربردی، عملکردی کاملا قابل قبولی داشته باشد. باتری با میزان ظرفیت 5000 میلی‌آمپر‌ساعت در کنار فناوری شارژ سریع 33 وات از دیگر مشخصات در نظر گرفته شده هستند. در محموع باید بگوییم که اگر به دنبال گوشی میان‌رده خوش قیمتی هستید که در برخی از مشخصات فنی در نظر گرفته شده حتی توانایی ارائه عملکردی در حد و اندازه یک پرچمدار را داشته باشد، شیائومی Redmi Note 13 می‌تواند یکی از گزینه‌های بسیار مناسب برای شما باشد.
6,6,phone,گوشی اپل iPhone 16 CH,iph,90699000,۹۰.۶۹۹.۰۰۰,8,128,48,12,460,گوشی موبایل اپل مدل iPhone 16، به عنوان یکی از جدیدترین مدل‌های این برند معتبر، با طراحی مدرن و ویژگی‌های پیشرفته، تجربه‌ای بی‌نظیر از دنیای تکنولوژی را برای کاربران فراهم می‌کند. این گوشی با ظرفیت 128 گیگابایت و رم 8 گیگابایت، عملکردی سریع و روان را ارائه می‌دهد که به راحتی از پس کارهای روزمره و multitasking برمی‌آید. طراحی این دستگاه با دقت و ظرافت بالا انجام شده و بدنه آن از مواد با کیفیت ساخته شده است که حس لوکس بودن را به کاربر منتقل می‌کند. قابلیت پشتیبانی از دو سیم کارت، امکان استفاده همزمان از دو شماره تلفن را برای کاربران فراهم می‌کند که این ویژگی به‌خصوص برای افرادی که به دو شماره مختلف برای کار و زندگی شخصی نیاز دارند بسیار مفید است. دوربین‌های با کیفیت iPhone 16، تجربه عکاسی فوق‌العاده‌ای را ارائه می‌دهند و با فناوری‌های نوین، امکان ثبت لحظات خاص با جزئیات بالا را فراهم می‌کنند. همچنین، باتری با عمر طولانی و قابلیت‌های شارژ سریع، این اطمینان را به شما می‌دهد که می‌توانید در طول روز به راحتی از گوشی خودتان استفاده کنید. به‌طور کلی، iPhone 16 یک انتخاب عالی برای کسانی است که به دنبال ترکیبی از کیفیت، قدرت و طراحی مدرن هستند. همانطور که می‌دانید گوشی‌های آیفون با پارت نامبرهای مختلفی از جمله CH، ZAA، LLAT ZPAو ... در بازار وجود دارند. پارت نامبر CH مربوط به کشور چین است که تفاوت خاصی با دیگر پارت نامبرها ندارند و تنها در مورد استفاده از تماس‌های صوتی و تماس‌های گروهی در نرم افزار فیس تایم شامل محدودیت است. این پارت نامبر از دو سیم‌کارت فیزیکی پشتیبانی می‌کند که یک نکته مثبت محسوب می‌شود. این گوشی، مانند تمامی گوشی‌های عرضه‌شده در دیجی‌کالا، به صورت قانونی و تجاری وارد کشور شده و با رجیستر رسمی، کارت گارانتی معتبر و کد فعال‌سازی به شما تحویل داده می‌شود.
7,7,phone,گوشی سامسونگ S24 FE,sam,46536700,۴۶.۵۳۶.۷۰۰,8,256,50,10,385,گوشی موبایل سامسونگ مدل S24 FE با ظرفیت 256 گیگابایت و رم 8 گیگابایت، یکی از محصولات برجسته و محبوب در بازار گوشی‌های هوشمند است. این گوشی به‌خوبی توانسته است ترکیبی از عملکرد قدرتمند و قیمت مناسب را به کاربران ارائه دهد. با پردازنده سریع و کارآمد، کاربران می‌توانند به‌راحتی از برنامه‌ها و بازی‌های سنگین استفاده کنند. صفحه نمایش ۶.۷ اینچی با پنل Dynamic AMOLED ۲X تصاویر زنده و با کیفیتی را ارائه می‌دهد و تجربه تماشای فیلم را به سطح جدیدی ارتقا می‌دهد. دوربین اصلی 50 مگاپیکسلی این گوشی به همراه دوربین سلفی ۱۰ مگاپیکسلی، قابلیت‌های عکاسی فوق‌العاده‌ای را فراهم می‌آورد که نیازهای عکاسان حرفه‌ای و آماتور را برآورده می‌کند. باتری ۴۵۶۵ میلی‌آمپر ساعتی با قابلیت شارژ سریع، امکان استفاده طولانی‌مدت از گوشی را فراهم می‌سازد. همچنین، طراحی زیبا و کیفیت ساخت بالا، این گوشی را به گزینه‌ای ایده‌آل برای کسانی که به دنبال یک تلفن هوشمند با کارایی بالا و قیمت مناسب هستند، تبدیل کرده است. سامسونگ S24 FE به‌عنوان یک انتخاب هوشمندانه در دنیای گوشی‌های هوشمند، توانسته است نظر کاربران را به خود جلب کند.
8,8,phone,گوشی سامسونگ Galaxy A56,sam,33287300,۳۳.۲۸۷.۳۰۰,8,256,50,12,385,سامسونگ با Galaxy A56، میان‌رده‌ای را روانه بازار کرده است که در بسیاری از بخش‌ها با پرچم‌داران رقابت می‌کند. این گوشی با قاب پشتی و جلویی شیشه‌ای و فریم آلومینیومی، حس یک محصول لوکس را به‌خوبی منتقل می‌کند و با وزن متعادل ۱۹۸ گرمی و ضخامت ۷.۴ میلی‌متری، هم خوش‌دست است و هم با داشتن گواهی IP67 بدنه مستحکم و ضد آبی دارد. نمایشگر ۶.۷ اینچی Super AMOLED آن با نرخ نوسازی ۱۲۰ هرتز، روشنایی ۱۹۰۰ نیتی و پشتیبانی از HDR10+ تجربه بصری فوق‌العاده‌ای رقم می‌زند. در قلب A56 تراشه ۴ نانومتری Exynos 1580 قرار دارد و با تکنولوژی حافظه UFS 3.1، عملکردی سریع و روان را در اپ‌ها و بازی‌ها تضمین می‌کند. دوربین اصلی ۵۰ مگاپیکسلی با OIS، دوربین فوق‌عریض ۱۲ مگاپیکسلی و لنز ماکروی ۵ مگاپیکسلی، مجموعه‌ای کامل برای عکاسی روزمره هستند. دوربین سلفی ۱۲ مگاپیکسلی هم کیفیتی بالا و حتی امکان فیلم‌برداری 4K را فراهم می‌کند. باتری ۵۰۰۰ میلی‌آمپرساعتی A56 با شارژ سریع ۴۵ وات، تا یک روز کامل استفاده را تضمین می‌کند. این گوشی با اندروید ۱۵ و وعده ۶ سال آپدیت، یکی از آینده‌دارترین انتخاب‌ها در دنیای میان‌رده‌هاست و بی‌دلیل نیست که A56 یکی از پرفروش‌ترین گوشی‌های این روزهاست.
9,9,phone,گوشی سامسونگ Galaxy A06,sam,9821990,۹.۸۲۱.۹۹۰,6,128,50,8,262,Samsung Galaxy A06 یکی از گوشی‌های اقتصادی و جدید سامسونگ است که با طراحی شیک، صفحه‌نمایش بزرگ و باتری قدرتمند، گزینه‌ای ایده‌آل برای کاربران روزمره محسوب می‌شود. این گوشی دارای نمایشگر 6.7 اینچی PLS LCD با رزولوشن 720x1600 پیکسل است که تجربه بصری مناسبی را ارائه می‌دهد. در بخش دوربین، از یک حسگر 50 مگاپیکسلی در کنار دوربین ماکرو 2 مگاپیکسلی استفاده شده است که در شرایط نوری مناسب، تصاویر واضح و باکیفیتی ثبت می‌کند. سامسونگ در این مدل از پردازنده MediaTek Helio G85 استفاده کرده که برای کارهای روزمره و اجرای برنامه‌های معمولی، عملکرد خوبی دارد. این گوشی با سیستم‌عامل اندروید 14 و رابط کاربری One UI 6.1 عرضه شده که تجربه نرم‌افزاری به‌روزی را برای کاربران به همراه دارد. همچنین، باتری 5000 میلی‌آمپر ساعتی آن، شارژدهی بالایی دارد و از شارژ سریع 25 واتی پشتیبانی می‌کند. اگر به دنبال یک گوشی هوشمند با قیمت مناسب و امکانات قابل قبول هستید، Galaxy A06 گزینه‌ای ارزشمند خواهد بود.
10,10,phone,گوشی سامسونگ Galaxy A06,sam,8334700,۸.۳۳۴.۷۰۰,4,128,50,8,262,Samsung Galaxy A06 یکی از گوشی‌های اقتصادی و جدید سامسونگ است که با طراحی شیک، صفحه‌نمایش بزرگ و باتری قدرتمند، گزینه‌ای ایده‌آل برای کاربران روزمره محسوب می‌شود. این گوشی دارای نمایشگر 6.7 اینچی PLS LCD با رزولوشن 720x1600 پیکسل است که تجربه بصری مناسبی را ارائه می‌دهد. در بخش دوربین، از یک حسگر 50 مگاپیکسلی در کنار دوربین ماکرو 2 مگاپیکسلی استفاده شده است که در شرایط نوری مناسب، تصاویر واضح و باکیفیتی ثبت می‌کند. سامسونگ در این مدل از پردازنده MediaTek Helio G85 استفاده کرده که برای کارهای روزمره و اجرای برنامه‌های معمولی، عملکرد خوبی دارد. این گوشی با سیستم‌عامل اندروید 14 و رابط کاربری One UI 6.1 عرضه شده که تجربه نرم‌افزاری به‌روزی را برای کاربران به همراه دارد. همچنین، باتری 5000 میلی‌آمپر ساعتی آن، شارژدهی بالایی دارد و از شارژ سریع 25 واتی پشتیبانی می‌کند. اگر به دنبال یک گوشی هوشمند با قیمت مناسب و امکانات قابل قبول هستید، Galaxy A06 گزینه‌ای ارزشمند خواهد بود.
11,11,phone,گوشی سامسونگ Galaxy A16 4G,sam,15355900,۱۵.۳۵۵.۹۰۰۰,6,128,50,13,385,A16 4G یک گوشی میان‌رده-اقتصادی جذاب از سامسونگ است که با طراحی مدرن، نمایشگر باکیفیت و نرم‌افزار به‌روز عرضه شده است. این گوشی با وزن 200 گرم، ظاهر شیکی دارد و گواهی IP54 آن را در برابر گرد و غبار و پاشش آب مقاوم کرده است. حسگر اثر انگشت روی لبه گوشی هم امنیت گوشی را افزایش داده است. نمایشگر 6.7 اینچی Super AMOLED با نرخ نوسازی 90 هرتز، تصاویر را با وضوح و رنگ‌های زنده نمایش می‌دهد. پردازنده هشت هسته‌ای عملکرد مناسبی برای کارهای روزمره و بازی‌های سبک فراهم می‌کند. همچنین در این گوشی امکان ارتقاء حافظه با کارت حافظه جانبی microSD وجود دارد. دوربین سه‌گانه شامل دوربین اصلی 50مگاپیکسلی، دوربین فوق عریض 5 مگاپیکسلی و دوربین ماکرو 2 مگاپیکسلی است. این دوربین‌ها عکس‌های نسبتا خوبی در شرایط نوری مناسب ثبت می‌کنند. دوربین سلفی13 مگاپیکسلی هم برای ثبت عکس‌های روزمره و تماس‌های ویدئویی مناسب است. این گوشی با سیستم‌عامل Android 14 و رابط کاربری One UI 6.1 عرضه شده و سامسونگ قول پشتیبانی نرم‌افزاری 6 ساله را داده است. باتری 5000 میلی‌آمپرساعتی و شارژ سریع 25 واتی نیز یک روز کامل استفاده را تضمین می‌کند. به طور کلی A16 4G با ویژگی‌های مدرن و قیمت مناسب، یک انتخاب قدرتمند در میان گوشی‌های اقتصادی-میان‌رده سامسونگ است.
12,12,phone,گوشی شیائومی Redmi A5,shi,6550000,۶.۵۵۰.۰۰۰,3,64,32,8,260,گوشی Redmi A5 به‌عنوان یکی از گزینه‌های اقتصادی بازار در سال ۲۰۲۵، با نمایشگر بزرگ ۶.۸۸ اینچی IPS LCD و نرخ تازه‌سازی ۱۲۰ هرتز، تجربه دیداری بسیار روانی ارائه می‌دهد. رزولوشن ۷۲۰×۱۶۴۰ پیکسل با تراکم حدود ۲۶۰ پیکسل در هر اینچ کیفیت تصویر قابل قبولی برای استفاده روزمره فراهم می‌کند و برای یک گوشی اقتصادی قابل قبول است. این دستگاه مجهز به تراشه Unisoc T7250 هشت هسته‌ای است که عملکرد خوبی در اجرای برنامه‌های سبک و متوسط دارد و برای استفاده معمولی و گشت و گذار در شبکه‌های اجتماعی می‌توانید روی آن حساب کنید. دوربین اصلی ۳۲ مگاپیکسلی با قابلیت HDR عکس‌هایی با جزئیات مناسب ثبت می‌کند و دوربین سلفی ۸ مگاپیکسلی نیز برای تماس‌های ویدیویی و سلفی‌های روزمره کافی است. Redmi A5 از باتری با ظرفیت بسیار خوب ۵۲۰۰ میلی‌آمپر ساعتی بهره می‌برد که دوام خوبی در استفاده طولانی‌مدت ارائه می‌کند و با شارژر ۱۵ واتی همراه است. همچنین حسگر اثر انگشت جانبی، جک ۳.۵ میلی‌متری هدفون و پشتیبانی از کارت حافظه microSD از دیگر ویژگی‌های این گوشی هستند. سیستم‌عامل اندروید ۱۵ نسخه با وعده دو آپدیت اصلی، بهینه‌سازی مناسبی برای سخت‌افزار این دستگاه است و به طور کلی Redmi A5 انتخابی مقرون‌به‌صرفه برای کاربرانی است که به دنبال گوشی با نمایشگر بزرگ، باتری قوی و عملکرد قابل قبول در رده اقتصادی هستند.
13,13,phone,گوشی سامسونگ Galaxy A16 4G,sam,17590100,۱۷.۵۹۰.۱۰۰,8,256,50,13,385,A16 4G یک گوشی میان‌رده-اقتصادی جذاب از سامسونگ است که با طراحی مدرن، نمایشگر باکیفیت و نرم‌افزار به‌روز عرضه شده است. این گوشی با وزن 200 گرم، ظاهر شیکی دارد و گواهی IP54 آن را در برابر گرد و غبار و پاشش آب مقاوم کرده است. حسگر اثر انگشت روی لبه گوشی هم امنیت گوشی را افزایش داده است. نمایشگر 6.7 اینچی Super AMOLED با نرخ نوسازی 90 هرتز، تصاویر را با وضوح و رنگ‌های زنده نمایش می‌دهد. پردازنده هشت هسته‌ای عملکرد مناسبی برای کارهای روزمره و بازی‌های سبک فراهم می‌کند. همچنین در این گوشی امکان ارتقاء حافظه با کارت حافظه جانبی microSD وجود دارد. دوربین سه‌گانه شامل دوربین اصلی 50مگاپیکسلی، دوربین فوق عریض 5 مگاپیکسلی و دوربین ماکرو 2 مگاپیکسلی است. این دوربین‌ها عکس‌های نسبتا خوبی در شرایط نوری مناسب ثبت می‌کنند. دوربین سلفی13 مگاپیکسلی هم برای ثبت عکس‌های روزمره و تماس‌های ویدئویی مناسب است. این گوشی با سیستم‌عامل Android 14 و رابط کاربری One UI 6.1 عرضه شده و سامسونگ قول پشتیبانی نرم‌افزاری 6 ساله را داده است. باتری 5000 میلی‌آمپرساعتی و شارژ سریع 25 واتی نیز یک روز کامل استفاده را تضمین می‌کند. به طور کلی A16 4G با ویژگی‌های مدرن و قیمت مناسب، یک انتخاب قدرتمند در میان گوشی‌های اقتصادی-میان‌رده سامسونگ است.
14,14,phone,گوشی اپل iPhone 16 Pro Max ZAA,iph,159999000,۱۵۹.۹۹۹.۰۰۰,8,256,48,12,460,آیفون 16 پرو مکس، جدیدترین شاهکار اپل، با طراحی شیک، دوربین‌های بی‌نظیر و عملکردی فوق‌العاده، استانداردهای جدیدی را برای گوشی‌های هوشمند تعریف می‌کند. نمایشگر 6.9 اینچی Super Retina XDR OLED با وضوح بالا و نرخ نوسازی 120 هرتز، تجربه بصری کم‌نظیری را ارائه می‌دهد و بدنه‌ مقاوم از جنس شیشه و تیتانیوم، زیبایی و دوام را در کنار هم به ارمغان می‌آورد. چیپست قدرتمند A18 Bionic با فناوری 3 نانومتری، به کاربران امکان می‌دهد تا بازی‌ها و اپلیکیشن‌های سنگین را به راحتی اجرا کنند. دوربین‌های 48، 12 و 48 مگاپیکسلی این گوشی، به ویژه دوربین تله‌فوتو با زوم 5 برابری اپتیکال، تصاویری خیره‌کننده و ویدیوهایی با کیفیت سینمایی ثبت می‌کنند. باتری 4685 میلی‌آمپر ساعتی با پشتیبانی از شارژ سریع هم به صورت باسیم و هم به صورت بی‌سیم، طول عمر بالایی داشته و شارژدهی بسیار خوبی دارد. همچنین، با iOS 18، تجربه کاربری بهینه‌تر و امنیت بیشتری خواهید داشت. اگر به دنبال بهترین عملکرد و عکاسی حرفه‌ای در یک گوشی هوشمند هستید، آیفون 16 پرو مکس ترکیبی بی‌نظیر از تکنولوژی پیشرفته و طراحی لوکس است که تمام انتظارات شما را برآورده می‌کند. همانطور که می‌دانید گوشی‌های آیفون با پارت نامبرهای مختلفی از جمله CH، ZAA، LLA ،ZPAو ... در بازار وجود دارند. پارت نامبر CH مربوط به کشور چین است که تفاوت خاصی با دیگر پارت نامبرها ندارند و تنها در مورد استفاده از تماس‌های صوتی و تماس‌های گروهی در نرم افزار فیس تایم شامل محدودیت است. این پارت نامبر از دو سیم‌کارت فیزیکی پشتیبانی می‌کند که یک نکته مثبت محسوب می‌شود. این گوشی، مانند تمامی گوشی‌های عرضه‌شده در دیجی‌کالا، به صورت قانونی و تجاری وارد کشور شده و با رجیستر رسمی، کارت گارانتی معتبر و کد فعال‌سازی به شما تحویل داده می‌شود.
15,15,phone,گوشی شیائومی Redmi Note 14 Pro 4G,shi,21927300,۲۱.۹۲۷.۳۰۰,8,256,200,32,395,گوشی Redmi Note 14 Pro یکی از جدیدترین گوشی‌های سری Note شیائومی است که با تمرکز بر طراحی جذاب، عملکرد قدرتمند و نمایشگر بی‌نظیر عرضه شده است. این دستگاه با بدنه‌ای از ترکیب شیشه و پلاستیکی یا چرم مصنوعی و مقاومت در برابر آب و گردوغبار طراحی شده است که ترکیبی از دوام و زیبایی را ارائه می‌دهد. نمایشگر 6.67 اینچی AMOLED با وضوح 1220 در 2712 پیکسل و نرخ تازه‌سازی 120 هرتز، تجربه بصری فوق‌العاده‌ای را فراهم می‌کند. پشتیبانی از فناوری‌هایHDR10+، Dolby Vision و روشنایی 3000 نیت، کیفیت تصویر را به سطحی حرفه‌ای می‌رساند. محافظت نمایشگر توسط Gorilla Glass Victus 2 نیز مقاومت در برابر خط و خش و ضربه را تضمین می‌کند. در بخش پردازنده، تراشه Dimensity 7300 Ultra با معماری 4 نانومتری و پردازنده گرافیکی Mali-G615، قدرت کافی برای اجرای بازی‌ها و برنامه‌های سنگین را فراهم می‌کند. دوربین اصلی 50 مگاپیکسلی، دوربین فوق عریض 8 مگاپیکسلی و دوربین ماکرو 2 مگاپیکسلی مجموعه دوربین‌های این گوشی را تشکیل می‌دهند. همچنین دوربین اصلی این گوشی امکان ضبط ویدیو 4K با سرعت 24 و 30 فریم بر ثانیه را دارد. دوربین سلفی 20 مگاپیکسلی نیز برای عکاسی پرتره و تماس‌های تصویری ایده‌آل است. باتری 5500 میلی‌آمپرساعتی با شارژ سریع 45 واتی، استفاده طولانی‌مدت و شارژ سریع را تضمین می‌کند. Redmi Note 14 Pro با امکاناتی هم‌چون اسپیکرهای استریو و رابط کاربری HyperOS بر پایه Android 14، یکی از بهترین گزینه‌ها در میان گوشی‌های میان‌رده محسوب می‌شود.
16,16,phone,گوشی سامسونگ Galaxy S25 Ultra,sam,109809000,۱۰۹.۸۰۹.۰۰۰,12,256,200,12,498,سرانجام سامسونگ به انتظارها پایان داد و پرچمدار جدید خود Galaxy S25 Ultra را به بازار معرفی کرد. این پرچم‌دار که پس از S24 Ultra که یکی از موفق‌ترین پرچمدارهای تاریخ گوشی‌های هوشمند است، به بازار آمده و مسئولیت سنگینی دارد. از لحاظ طراحی، S25 Ultraبا فریم تیتانیوم درجه 5 و گوریلا گلس آرمور 2 ساخته شده است که به آن دوام و استحکام فوق‌العاده‌ای بخشیده است. ابعاد دستگاه به اندازه‌ای است که در دست گرفتن آن راحت است و لبه‌های خمیده و وزنی معادل 218 گرم باعث شده است که این گوشی از S24 Ultra خوش‌دست‌تر باشد. این گوشی همچنین با استاندارد IP68 مقاوم در برابر آب و گرد و غبار است، بنابراین می‌توانید بدون نگرانی از آن در شرایط مختلف استفاده کنید. نمایشگر S25 Ultra یک صفحه Dynamic LTPO AMOLED 2X با سایز 6.9 اینچ و رزولوشن بسیار بالا است که تصاویر فوق‌العاده شفاف و رنگ‌های زنده‌ای را به نمایش می‌گذارد. همچنین، این نمایشگر از نرخ تازه‌سازی 120 هرتز پشتیبانی می‌کند که باعث می‌شود همه چیز بسیار روان و سریع به نظر برسد. در دل این گوشی، Snapdragon 8 Elite چیپستی است که سرعت و عملکرد را به سطح جدیدی می‌برد. این گوشی با حافظه داخلی مناسب و حافظه رم گسترده، به شما اجازه می‌دهد بدون هیچ‌گونه تأخیر، از بازی‌ها و برنامه‌های سنگین لذت ببرید. دوربین اصلی 200 مگاپیکسلی این گوشی به همراه لنزهای تله‌فوتو و اولتراواید، تصاویری دقیق و شفاف را ثبت می‌کند. همچنین، امکان فیلم‌برداری 4K با سرعت 120 فریم بر ثانیه یکی از بهترین گوشی‌های هوشمند در زمینه فیلم‌برداری است. در نهایت، باتری 5000 میلی‌آمپر ساعتی و شارژ سریع 45 وات، S25 Ultra را به یک انتخاب ایده‌آل برای کسانی تبدیل می‌کند که به دنبال قدرت، کیفیت و طراحی بی‌نظیر در یک گوشی هوشمند هستند.
17,17,phone,گوشی شیائومی Poco C75,shi,11389600,۱۱.۳۸۹.۶۰۰,8,256,50,13,260,گوشی موبایل شیائومی مدل Poco C75 یکی از جدیدترین محصولات سری محبوب پوکو است که با ظرفیت ذخیره‌سازی 128 گیگابایتی و شش گیگابایت رم به کاربران عرضه شده است. این گوشی با طراحی جذاب و شیک خود، در سه رنگ مشکی، سبز و طلایی وارد ارائه شده و به دلیل بدنه شیشه‌ای و وزن 204 گرمی، حس خوشایندی به کاربران القا می‌کند. همچنین، نمایشگر 6.88 اینچی این گوشی از نوع IPS LCD است که نرخ تازه‌سازی 120 هرتز و روشنایی 600 نیتی را برای تجربه بصری روان و واضح در اختیار کاربر قرار می‌دهد. در کنار این نمایشگر با کیفیت، چیپست MediaTek Helio G81 Ultra و پردازنده هشت‌هسته‌ای با معماری 12 نانومتری، عملکردی سریع و پایدار را تضمین می‌کنند. این دستگاه مجهز به دوربین اصلی 50 مگاپیکسلی و دوربین سلفی 13 مگاپیکسلی است که امکان ثبت عکس‌های خیره‌کننده و فیلم‌برداری با وضوح 1080p را فراهم می‌آورد. باتری 5160 میلی‌آمپر ساعتی با قابلیت شارژ سریع 18 وات، نیاز شما به انرژی را به‌خوبی تأمین می‌کند. با رابط کاربری HyperOS بر پایه اندروید 14، تجربه‌ای مدرن و کاربر پسند در استفاده از این دستگاه خواهید داشت. در مجموع پوکو C75 یک اقتصادی است که به مشخصات میان‌رده مجهز شده و به همین دلیل ارزش خرید بالایی دارد.
18,18,phone,گوشی اپل iPhone 14 CH,iph,65700000,۶۵.۷۰۰.۰۰۰,6,128,12,12,460,خانواده گوشی‌های هوشمند iPhone 14 CHشرکت اپل در قالب چهار گوشی هوشمند به‌صورت رسمی معرفی شدند و با بهره بردن از مشخصات فنی قدرتمند، وارد میدان رقابت شدند. iPhone 14 کوچک‌ترین عضو این خانواده است. از نظر طراحی تفاوت چندانی با مدل استاندارد سری قبلی، یعنی iPhone 13 شاهد نیستیم. در نمای رو‌به‌رویی این گوشی به صفحه‌نمایش با ابعاد 6.1 اینچ با رزولوشن 1170×2532 پیکسل از نوع Super Retina XDR OLED مجهز شده است. صفحه‌نمایشی که از جمله مشخصات قدرتمند در نظر گرفته شده برایش، می‌توانیم به نمایش 460 پیکسل در هر اینچ و حداکثر روشنایی 1200 نیت (شمع در متر مربع) اشاره کنیم. در قسمت پشتی هم تفاوتی با سری قبلی شاهد نیستیم و یک سنسور دوربین اصلی با رزولوشن 12 مگاپیسل از نوع عریض (wide) در کنار سنسور دوربین 12 مگاپیکسل از نوع فوق عریض (ultrawide)، دوربین دو‌گانه قسمت پشتی این گوشی را تشکیل می‌دهند. برای دوربین سلفی هم سنسور با رزولوشن 12 مگاپیکسل در نظر گرفته شده است. از جمله مشخصات قدرتمند سنسور دوربین اصلی و سلفی این گوشی، می‌توانیم به توانایی ضبط ویدیو با حداکثر کیفیت 4K با نهایت سرعت 60 فریم در ثانیه اشاره کنیم. پردازنده A15 بایونیک هم این گوشی هوشمند را همراهی می‌کند که دقیقا همان پردازنده‌ای است که گوشی‌های خانواده iPhone 13 از آن بهره برده بودند. اما در هر صورت، این پردازنده توانایی ارائه عملکرد بسیار قدرتمندی را در اجرای بازی‌های سنگین و با‌گرافیک بالا دارد. یکی دیگر از اصلی‌ترین تفاوت‌های در نظر گرفته شده برای این گوشی هوشمند به نسبت iPhone 13، میزان رم 6 گیگابایتی در نظر گرفته شده است که iPhone 13 از 4 گیگابایت رم بهره برده بود و میزان بیشتر رم در نظر گرفته شده، بدون شک تاثیر بالایی در عملکرد هرچه بهتر این گوشی دارد.
19,19,phone,گوشی شیائومی Poco M5s,shi,12650000,۱۲.۶۵۰.۰۰۰,8,256,64,13,409,شیائومی طراحی خاصی را برای گوشی‌های هوشمند سری poco خود انتخاب کرده بود. طراحی‌های کاربر‌پسند که چندان شباهتی با طراحی‌های آشنای گوشی‌های هوشمند موجود در بازار نداشتند. شیائومی Poco M5s هم یکی از این گوشی‌های میان‌رده است که در نمای رو‌به‌رویی به صفحه‌نمایشی یکدست مجهز شده که این صفحه‌نمایش از طراحی ناچ اینفینیتی O بهره برده است. بریدگی دایره‌ای شکل با قطر بسیار کم در قسمت بالایی و مرکزی صفحه‌نمایش همانطور که مشاهده می‌کنید، سنسور دوربین سلفی را در خود جای داده است. شاید بهتر بود شیائومی حاشیه کمی کمتر را برای قسمت پایینی صفحه‌نمایش در نظر می‌گرفت. اما در مجموع ۸۳.۵. درصد از نمای رو‌به‌رویی را صفحه‌نمایش به خودش اختصاص داده است که به طبع صفحه‌نمایش یکدستی را در اختیار شما قرار می‌دهد.
20,20,phone,گوشی اپل iPhone 13 Pro Max ZDA,iph,86000000,۸۶.۰۰۰.۰۰۰,6,256,12,12,460,آیفون 13 پرو مکس، آیفون 13 پرو، آیفون 13 و آیفون 13 مینی از محبوب‌ترین‌ گوشی‌های هوشمند شرکت اپل شناخته می‌شوند. آیفون 13 پرو مکس بدون شک به مشخصات فنی قدرتمند‌تری به نسبت ما‌بقی اعضای این خانواده مجهز شده است. البته، گوشی‌های این خانواده از نظر طراحی تفاوت چندانی با نسل قبلی پرچمداران این شرکت ندارند و تنها وجه تمایز در بین این گوشی‌ها به استفاده از ناچ با عرض کمتر خلاصه می‌شود. آیفون 13 پرو مکس به صفحه‌نمایشی 6.7 اینچی با رزولوشن 1284×2778 پیکسل مجهز شده است. برای اولین بار در تاریخ گوشی‌های هوشمند اپل، صفحه‌نمایش در نظر گرفته شده برای آیفون 13 پرو مکس توانایی ارائه نرخ بروزرسانی 120 هرتز را دارد که بدون شک می‌تواند عملکردی روان‌تر و به مراتب با‌کیفیت‌تر نسبت به نسل‌های قبلی خود ارائه کند. این صفحه‌نمایش توانایی ارائه حداکثر روشنایی 1200 نیت (شمع در متر مربع) را دارد که همین امر سبب می‌شود تا در شرایط نوری متنوع و حتی زیر تابش مستقیم نور خورشید هم وضوح تصویر بسیار خوبی داشته باشد. در قسمت پشتی این گوشی، سه سنسور دوربین به همراه یک سنسور LIDAR با همان طراحی آیفون 12 پرو مکس قرار گرفته‌اند. یک سنسور دوربین اصلی با رزولوشن 12 مگاپیکسلی با گشودگی دریچه دیافراگم f/1.5، سنسور دوربین 12 مگاپیکسلی از نوع فوق عریض (Ultra Wide) و سنسور 12 مگاپیکسلی از نوع تله فوتو، دوربین سه‌گانه آیفون 13 پرو مکس را تشکیل می‌دهند. پردازنده A15 بایونیک هم این‌بار قدرتمندتر از همیشه متشکل از شش هسته این پرچمدار قدرتمند را همراهی می‌کند. گوشی‌های نات اکتیو با قرار گرفتن سیم‌کارت‌های داخلی اکتیو می‌شوند و برخلاف مدل اکتیو پلمپ کالا باز نشده است. گوشی‌های اکتیو برند اپل هم به این شکل هستند که به دلیل محدودیت‌های برخی از محصولات اپل برای کشور ایران، در کشور‌های همسایه به‌صورت رسمی با یک بار قرار گرفتن سیم‌کارت، اکتیو شده و پلمپ می‌شوند و باید بدانید که این پروسه هیچ مشکلی در راستای گارانتی کالا به‌همراه ندارد. پارت‌نامبر‌های اروپا و ژاپن و امارات تک سیم‌کارت هستند و پارت‌نامبر‌های مربوط به امارات هم از فیس تایم پشتیبانی نمی‌کنند. پارت‌نامبر JA (ژاپن) هم حتی در حالت سایلنت صدای شاتر عکس قطع نمی‌شود.
101,101,phone,گوشی سامسونگ Galaxy A05s,sam,11090000,۱۱.۰۹۰.۰۰۰,4,64,50,13,393,با اینکه گوشی A05s سامسونگ تماما از جنس پلاستیک ساخته شده، ولی به دلیل شباهت ظاهری و چیدمان دوربین های پشتی این گوشی با پرچمدارهای سری S23 و S23 پلاس؛ حس بی کیفیت و ارزون بودن رو نشون نمیده. روی بدنه گوشی به راحتی اثر انگشت و لک میفته و اگه با این موضوع راحت مشکل دارید، بهتره یک قاب شیک و محکم بخرین که هم بدنه کثیف نشه و هم از گوشی مراقبت کرده باشید. دوربین های پشتی و فلش LED بدون جزیره و با چیدمان عمودی روی پنل پشتی قرار گرفتن. دور هر لنز یه روکش فلزی قرار گرفته که به نظرم مشکلی نداره و خیلی هم جذابه. در فریم سمت راست بدنه دکمه های تنظیم صدا و کلید پاور هست که به عنوان حسگر اثر انگشت هم ازش استفاده میشه؛ در سمت چپ فریم خشاب سیم کارت و کارت حافظه و در قسمت پایین گوشی جک 3.5 میلیمتری صدا، میکروفون، اسپیکر و پورت تایپ سی قرار دارن.
102,102,phone,گوشی سامسونگ Galaxy A15,sam,19000000,۱۹.۰۰۰.۰۰۰,8,256,50,13,396,گوشی‌های میان‌رده سامسونگ توانسته‌اند تا به امروز با بهره بردن از مشخصات فنی مناسب، به نسبت قیمت در نظر گرفته شده، عملکرد بسیار خوبی را به‌نمایش بگذارند و این بار نوبت به سامسونگ Galaxy A15 رسیده است تا با قیمتی مقرون به‌صرفه روانه بازار شود. همانطور که می‌دانیم نسل قبلی این گوشی یعنی Galaxy A14 توانست محبوبیت بسیار بالایی در بین کاربران به دست آورد. این بار اما Galaxy A15 به نسبت نسل قبلی خود در بخش صفحه‌نمایش و پردازنده عملکرد به مراتب بهتری خواهد داشت. البته نباید فراموش کنیم که بهره بردن از پردازنده قدرتمند‌تر، به طبع تاثیر مستقیمی در عملکرد بخش‌های مختلف و به‌خصوص خروجی تصاویر دارد. این گوشی به صفحه‌نمایش با ابعاد 6.5 اینچ و رزولوشن 1080×2340 پیکسل از نوع سوپرامولد مجهز شده است که توانایی نمایش 396 پیکسل در هر اینچ را هم دارد. نرخ بروزرسانی 90 هرتز آن هم سبب شده تا عملکرد روان و بدون لگ را از این صفحه‌نمایش شاهد باشید. حضور پردازنده هلیو G99 شرکت مدیاتک هم سبب شده تا سامسونگ Galaxy A15 در اجرای بازی‌های محبوب و نرم‌افزار‌های کاربردی، عملکرد کاملا قابل قبولی داشته باشد. در بازی‌های سنگین می‌توانید در تنظیمات گرافیکی low، روی این گوشی حساب باز کنید. در بخش سنسور‌های دوربین هم یک سنسور 50 مگاپیکسل اصلی در کنار سنسور 5 مگاپیکسل فوق‌عریض و سنسور 2 مگاپیکسل ماکرو برای این گوشی در نظر گرفته شده است. در مورد سنسور دوربین اصلی این گوشی باید بگوییم که به‌خوبی توقعات شما را در حد و اندازه یک گوشی میان‌رده با این قیمت بر‌آورده می‌کند. دوربین سلفی 13 مگاپیکسل هم انتخاب مناسبی برای این گوشی بود که در نور روز عملکرد بسیار خوب و کاملا قابل قبولی دارد. باتری با میزان ظرفیت 5000 میلی‌آمپر‌ساعت که به ازای هر بار شارژ صد درصدی، توانایی ارائه زمان آماده به‌کار نزدیک به دو روز را دارد و پشتیبانی از فناوری شارژ سریع 25 وات، از دیگر مشخصات در نظر گرفته شده برای این گوشی هوشمند هستند. در مجموع باید بگوییم که اگر به دنبال خرید گوشی هوشمند میان‌رده با قیمتی مقرون به‌صرفه هستید که البته از مشخصات فنی مناسب و بسیار قابل قبولی بهره برده باشد، بدون شک در این بازه قیمتی، سامسونگ Galaxy A15 می‌تواند یکی از گزینه‌های بسیار خوب برای شما باشد. همچنین رنگ شارژر ارسالی ممکن است سفید یا مشکی باشد.
103,103,phone,گوشی سامسونگ Galaxy A26,sam,24937750,۲۴.۹۳۷.۷۵۰,8,256,50,13,385,گوشی Samsung Galaxy A26 یکی از جدیدترین اقتصادی‌های سامسونگ است که این در قالب یک میان‌رده به بازار آمده و طراحی زیبا، نمایشگر قدرتمند و پشتیبانی نرم‌افزاری بلندمدت، انتخابی ایده‌آل برای کاربرانی‌ است که خواهان کیفیت و عمر طولانی در گوشی موبایل خود هستند. این گوشی با بدنه‌ای شیشه‌ای از جنس Gorilla Glass Victus+ در جلو و پشت و بهره‌مندی از گواهیIP67 در برابر آب و گرد و غبار نفوذ ناپذیر است و حس یک دستگاه میان‌رده یا حتی پرچمدار را به شما می‌دهد. نمایشگر ۶.۷ اینچی Super AMOLED با رزولوشن FHD+ و نرخ نوسازی ۱۲۰ هرتزی، تجربه‌ای لذت‌بخش و چشم‌نواز را در هنگام تماشای ویدیو و کارهای روزمره برای شما فراهم می‌کند. در بخش پردازنده،Galaxy A26 به چیپست Exynos 1380 مجهز شده است که برای اجرای نرم‌افزارها، شبکه‌های اجتماعی و حتی برخی بازی‌ها عملکرد مناسبی دارد. دوربین اصلی سه‌گانه این گوشی شامل یک سنسور ۵۰ مگاپیکسلی با لرزش‌گیر اپتیکال، دوربین فوق‌عریض ۸ مگاپیکسلی و دوربین ماکرو ۲ مگاپیکسلی است. دوربین سلفی ۱۳ مگاپیکسلی هم کیفیت خوبی برای تماس‌های ویدیویی و عکاسی روزمره دارد. منبع تغذیه این گوشی باتری ۵۰۰۰ میلی‌آمپرساعتی است که از شارژ سریع ۲۵ وات پشتیبانی می‌کند و استفاده‌ی طولانی‌مدت از گوشی را تضمین می‌کند. سامسونگ این گوشی را با اندروید ۱۵ عرضه کرده و وعده ۶ سال آپدیت اندروید را داده است؛ امکانی که در این بازه قیمتی تقریباً بی‌رقیب است و به طور کلی Galaxy A26 یک انتخاب مطمئن برای کسانی‌ست که به دنبال تعادل بین عملکرد، دوام و ارزش خرید هستند.
104,104,phone,گوشی سامسونگ Galaxy A35,sam,30395000,۳۰.۳۹۵.۰۰۰,8,256,50,13,390,تو بخش طراحی، شاهد اتفاقات و تغییرات خوبی در گوشی سامسونگ a35 هستیم. این گوشی یه گوشی خوش دست با وزن متناسب است که کیفیت ساخت خیلی بهتری از نسل قبلیش داره. از حذف شدن ناچ قطره‌ای و جایگزین شدنش با پانچ هول در قاب جلویی گرفته تا استفاده از شیشه در طراحی قاب پشتی که در مجموع، کیفیت ساخت و طراحی بهتری رو نسبت به نسل قبلی این گوشی یعنی گوشی A34 به نمایش می‌ذاره. حاشیه‌های نمایشگر این گوشی نسبتا زیاده ولی چیزی نیست که نشه باهاش سازگاری پیدا کرد.سامسونگ A35 تو دسته میان رده‌های خوش ساخت سامسونگ قرار می‌گیره که میشه با صرف نظر از تکراری بودن طراحیش، روی مقاومت نسبتا خوبش حساب باز کرد. ولی اگه طراحی براتون اولویت داره، گزینه‌های جذاب‌تری تو سایر برندها منتظرن که بهشون سر بزنید.
105,105,phone,گوشی سامسونگ Galaxy A05s,sam,11968000,۱۱.۹۶۸.۰۰۰,4,128,50,13,393,با اینکه گوشی A05s سامسونگ تماما از جنس پلاستیک ساخته شده، ولی به دلیل شباهت ظاهری و چیدمان دوربین های پشتی این گوشی با پرچمدارهای سری S23 و S23 پلاس؛ حس بی کیفیت و ارزون بودن رو نشون نمیده. روی بدنه گوشی به راحتی اثر انگشت و لک میفته و اگه با این موضوع راحت مشکل دارید، بهتره یک قاب شیک و محکم بخرین که هم بدنه کثیف نشه و هم از گوشی مراقبت کرده باشید. دوربین های پشتی و فلش LED بدون جزیره و با چیدمان عمودی روی پنل پشتی قرار گرفتن. دور هر لنز یه روکش فلزی قرار گرفته که به نظرم مشکلی نداره و خیلی هم جذابه. در فریم سمت راست بدنه دکمه های تنظیم صدا و کلید پاور هست که به عنوان حسگر اثر انگشت هم ازش استفاده میشه؛ در سمت چپ فریم خشاب سیم کارت و کارت حافظه و در قسمت پایین گوشی جک 3.5 میلیمتری صدا، میکروفون، اسپیکر و پورت تایپ سی قرار دارن.
106,106,phone,گوشی سامسونگ Galaxy A05s,sam,15743000,۱۵.۷۴۳.۰۰۰,6,128,50,13,393,با اینکه گوشی A05s سامسونگ تماما از جنس پلاستیک ساخته شده، ولی به دلیل شباهت ظاهری و چیدمان دوربین های پشتی این گوشی با پرچمدارهای سری S23 و S23 پلاس؛ حس بی کیفیت و ارزون بودن رو نشون نمیده. روی بدنه گوشی به راحتی اثر انگشت و لک میفته و اگه با این موضوع راحت مشکل دارید، بهتره یک قاب شیک و محکم بخرین که هم بدنه کثیف نشه و هم از گوشی مراقبت کرده باشید. دوربین های پشتی و فلش LED بدون جزیره و با چیدمان عمودی روی پنل پشتی قرار گرفتن. دور هر لنز یه روکش فلزی قرار گرفته که به نظرم مشکلی نداره و خیلی هم جذابه. در فریم سمت راست بدنه دکمه های تنظیم صدا و کلید پاور هست که به عنوان حسگر اثر انگشت هم ازش استفاده میشه؛ در سمت چپ فریم خشاب سیم کارت و کارت حافظه و در قسمت پایین گوشی جک 3.5 میلیمتری صدا، میکروفون، اسپیکر و پورت تایپ سی قرار دارن.
107,107,phone,گوشی سامسونگ Galaxy A26 ,sam,23848500,۲۳.۸۴۸.۵۰۰,8,256,50,13,385,گوشی Samsung Galaxy A26 یکی از جدیدترین اقتصادی‌های سامسونگ است که این در قالب یک میان‌رده به بازار آمده و طراحی زیبا، نمایشگر قدرتمند و پشتیبانی نرم‌افزاری بلندمدت، انتخابی ایده‌آل برای کاربرانی‌ است که خواهان کیفیت و عمر طولانی در گوشی موبایل خود هستند. این گوشی با بدنه‌ای شیشه‌ای از جنس Gorilla Glass Victus+ در جلو و پشت و بهره‌مندی از گواهیIP67 در برابر آب و گرد و غبار نفوذ ناپذیر است و حس یک دستگاه میان‌رده یا حتی پرچمدار را به شما می‌دهد. نمایشگر ۶.۷ اینچی Super AMOLED با رزولوشن FHD+ و نرخ نوسازی ۱۲۰ هرتزی، تجربه‌ای لذت‌بخش و چشم‌نواز را در هنگام تماشای ویدیو و کارهای روزمره برای شما فراهم می‌کند. در بخش پردازنده،Galaxy A26 به چیپست Exynos 1380 مجهز شده است که برای اجرای نرم‌افزارها، شبکه‌های اجتماعی و حتی برخی بازی‌ها عملکرد مناسبی دارد. دوربین اصلی سه‌گانه این گوشی شامل یک سنسور ۵۰ مگاپیکسلی با لرزش‌گیر اپتیکال، دوربین فوق‌عریض ۸ مگاپیکسلی و دوربین ماکرو ۲ مگاپیکسلی است. دوربین سلفی ۱۳ مگاپیکسلی هم کیفیت خوبی برای تماس‌های ویدیویی و عکاسی روزمره دارد. منبع تغذیه این گوشی باتری ۵۰۰۰ میلی‌آمپرساعتی است که از شارژ سریع ۲۵ وات پشتیبانی می‌کند و استفاده‌ی طولانی‌مدت از گوشی را تضمین می‌کند. سامسونگ این گوشی را با اندروید ۱۵ عرضه کرده و وعده ۶ سال آپدیت اندروید را داده است؛ امکانی که در این بازه قیمتی تقریباً بی‌رقیب است و به طور کلی Galaxy A26 یک انتخاب مطمئن برای کسانی‌ست که به دنبال تعادل بین عملکرد، دوام و ارزش خرید هستند.
108,108,phone,گوشی موبایل سامسونگ مدل Galaxy A56 ,sam,41499000,۴۱.۴۹۹.۰۰۰,12,256,50,12,385,سامسونگ با Galaxy A56، میان‌رده‌ای را روانه بازار کرده است که در بسیاری از بخش‌ها با پرچم‌داران رقابت می‌کند. این گوشی با قاب پشتی و جلویی شیشه‌ای و فریم آلومینیومی، حس یک محصول لوکس را به‌خوبی منتقل می‌کند و با وزن متعادل ۱۹۸ گرمی و ضخامت ۷.۴ میلی‌متری، هم خوش‌دست است و هم با داشتن گواهی IP67 بدنه مستحکم و ضد آبی دارد. نمایشگر ۶.۷ اینچی Super AMOLED آن با نرخ نوسازی ۱۲۰ هرتز، روشنایی ۱۹۰۰ نیتی و پشتیبانی از HDR10+ تجربه بصری فوق‌العاده‌ای رقم می‌زند. در قلب A56 تراشه ۴ نانومتری Exynos 1580 قرار دارد و با تکنولوژی حافظه UFS 3.1، عملکردی سریع و روان را در اپ‌ها و بازی‌ها تضمین می‌کند. دوربین اصلی ۵۰ مگاپیکسلی با OIS، دوربین فوق‌عریض ۱۲ مگاپیکسلی و لنز ماکروی ۵ مگاپیکسلی، مجموعه‌ای کامل برای عکاسی روزمره هستند. دوربین سلفی ۱۲ مگاپیکسلی هم کیفیتی بالا و حتی امکان فیلم‌برداری 4K را فراهم می‌کند. باتری ۵۰۰۰ میلی‌آمپرساعتی A56 با شارژ سریع ۴۵ وات، تا یک روز کامل استفاده را تضمین می‌کند. این گوشی با اندروید ۱۵ و وعده ۶ سال آپدیت، یکی از آینده‌دارترین انتخاب‌ها در دنیای میان‌رده‌هاست و بی‌دلیل نیست که A56 یکی از پرفروش‌ترین گوشی‌های این روزهاست.
109,109,phone,گوشی سامسونگ Galaxy A36,sam,28066300,۲۸.۰۶۶.۳۰۰,8,256,50,12,385,سامسونگ با معرفی Galaxy A36 در سال ۲۰۲۵، بار دیگر استاندارد جدیدی برای گوشی‌های میان‌رده تعریف کرده است. این گوشی با طراحی مدرن و کیفیت ساخت بالا، تجربه‌ای نزدیک به مدل‌های پرچم‌دار ارائه می‌دهد. بدنه‌ای شیشه‌ای با محافظت Gorilla Glass Victus+ در جلو و عقب، در کنار فریم پلاستیکی مقاوم و استاندارد IP67 برای مقاومت در برابر آب و گردوغبار، نشان می‌دهد که سامسونگ به جزئیات اهمیت ویژه‌ای داده است. نمایشگر ۶.۷ اینچی Super AMOLED با وضوح Full HD+ و نرخ نوسازی ۱۲۰ هرتز، یکی از بهترین نمونه‌ها در رده‌ی قیمتی خود است. روشنایی فوق‌العاده‌ی ۱۹۰۰ نیتی در حالت پیک، حتی در نور مستقیم آفتاب کیفیت تصویر بالایی را تضمین می‌کند. در قلب Galaxy A36 ، تراشه‌ی Snapdragon 6 Gen 3 با معماری ۴ نانومتری قرار دارد که به همراه پردازنده گرافیکی Adreno 710 عملکردی سریع و روان برای انواع کاربری‌ها ارائه می‌دهد. در بخش دوربین، این گوشی به سه لنز کاربردی مجهز شده است، دوربین اصلی ۵۰ مگاپیکسلی با OIS لرزشگیر اپتیکال تصویر، دوربین فوق عریض ۸ مگاپیکسلی و دوربین ماکرو ۵ مگاپیکسلی که در کنار هم تصاویر با کیفیت و متنوعی ثبت می‌کنند. دوربین سلفی ۱۲ مگاپیکسلی نیز قابلیت فیلم‌برداری 4K دارد. باتری ۵۰۰۰ میلی‌آمپرساعتی با شارژ سریع ۴۵ واتی، عمر باتری بسیار خوبی ارائه می‌دهد و در کمتر از ۷۰ دقیقه به شارژ کامل می‌رسد. Galaxy A36 همچنین با ۶ سال پشتیبانی نرم‌افزاری، آینده‌ای مطمئن برای کاربران خود رقم می‌زند. در مجموع،Galaxy A36 یک انتخاب عالی برای کسانی است که به دنبال یک گوشی خوش‌ساخت، قدرتمند و آینده‌دار هستند.
110,110,phone,گوشی سامسونگ Galaxy A36 ,sam,27399000,۲۷.۳۹۹.۰۰۰,8,128,50,12,385,سامسونگ با معرفی Galaxy A36 در سال ۲۰۲۵، بار دیگر استاندارد جدیدی برای گوشی‌های میان‌رده تعریف کرده است. این گوشی با طراحی مدرن و کیفیت ساخت بالا، تجربه‌ای نزدیک به مدل‌های پرچم‌دار ارائه می‌دهد. بدنه‌ای شیشه‌ای با محافظت Gorilla Glass Victus+ در جلو و عقب، در کنار فریم پلاستیکی مقاوم و استاندارد IP67 برای مقاومت در برابر آب و گردوغبار، نشان می‌دهد که سامسونگ به جزئیات اهمیت ویژه‌ای داده است. نمایشگر ۶.۷ اینچی Super AMOLED با وضوح Full HD+ و نرخ نوسازی ۱۲۰ هرتز، یکی از بهترین نمونه‌ها در رده‌ی قیمتی خود است. روشنایی فوق‌العاده‌ی ۱۹۰۰ نیتی در حالت پیک، حتی در نور مستقیم آفتاب کیفیت تصویر بالایی را تضمین می‌کند. در قلب Galaxy A36 ، تراشه‌ی Snapdragon 6 Gen 3 با معماری ۴ نانومتری قرار دارد که به همراه پردازنده گرافیکی Adreno 710 عملکردی سریع و روان برای انواع کاربری‌ها ارائه می‌دهد. در بخش دوربین، این گوشی به سه لنز کاربردی مجهز شده است، دوربین اصلی ۵۰ مگاپیکسلی با OIS لرزشگیر اپتیکال تصویر، دوربین فوق عریض ۸ مگاپیکسلی و دوربین ماکرو ۵ مگاپیکسلی که در کنار هم تصاویر با کیفیت و متنوعی ثبت می‌کنند. دوربین سلفی ۱۲ مگاپیکسلی نیز قابلیت فیلم‌برداری 4K دارد. باتری ۵۰۰۰ میلی‌آمپرساعتی با شارژ سریع ۴۵ واتی، عمر باتری بسیار خوبی ارائه می‌دهد و در کمتر از ۷۰ دقیقه به شارژ کامل می‌رسد. Galaxy A36 همچنین با ۶ سال پشتیبانی نرم‌افزاری، آینده‌ای مطمئن برای کاربران خود رقم می‌زند. در مجموع،Galaxy A36 یک انتخاب عالی برای کسانی است که به دنبال یک گوشی خوش‌ساخت، قدرتمند و آینده‌دار هستند.
111,111,phone,گوشی سامسونگ Galaxy A26 ,sam,21904000,۲۱.۹۰۴.۰۰۰,6,128,50,13,385,گوشی Samsung Galaxy A26 یکی از جدیدترین اقتصادی‌های سامسونگ است که این در قالب یک میان‌رده به بازار آمده و طراحی زیبا، نمایشگر قدرتمند و پشتیبانی نرم‌افزاری بلندمدت، انتخابی ایده‌آل برای کاربرانی‌ است که خواهان کیفیت و عمر طولانی در گوشی موبایل خود هستند. این گوشی با بدنه‌ای شیشه‌ای از جنس Gorilla Glass Victus+ در جلو و پشت و بهره‌مندی از گواهیIP67 در برابر آب و گرد و غبار نفوذ ناپذیر است و حس یک دستگاه میان‌رده یا حتی پرچمدار را به شما می‌دهد. نمایشگر ۶.۷ اینچی Super AMOLED با رزولوشن FHD+ و نرخ نوسازی ۱۲۰ هرتزی، تجربه‌ای لذت‌بخش و چشم‌نواز را در هنگام تماشای ویدیو و کارهای روزمره برای شما فراهم می‌کند. در بخش پردازنده،Galaxy A26 به چیپست Exynos 1380 مجهز شده است که برای اجرای نرم‌افزارها، شبکه‌های اجتماعی و حتی برخی بازی‌ها عملکرد مناسبی دارد. دوربین اصلی سه‌گانه این گوشی شامل یک سنسور ۵۰ مگاپیکسلی با لرزش‌گیر اپتیکال، دوربین فوق‌عریض ۸ مگاپیکسلی و دوربین ماکرو ۲ مگاپیکسلی است. دوربین سلفی ۱۳ مگاپیکسلی هم کیفیت خوبی برای تماس‌های ویدیویی و عکاسی روزمره دارد. منبع تغذیه این گوشی باتری ۵۰۰۰ میلی‌آمپرساعتی است که از شارژ سریع ۲۵ وات پشتیبانی می‌کند و استفاده‌ی طولانی‌مدت از گوشی را تضمین می‌کند. سامسونگ این گوشی را با اندروید ۱۵ عرضه کرده و وعده ۶ سال آپدیت اندروید را داده است؛ امکانی که در این بازه قیمتی تقریباً بی‌رقیب است و به طور کلی Galaxy A26 یک انتخاب مطمئن برای کسانی‌ست که به دنبال تعادل بین عملکرد، دوام و ارزش خرید هستند.
112,112,phone,گوشی سامسونگ Galaxy S24 Ultra,sam,92430300,۹۲.۴۳۰.۳۰۰,12,256,200,12,505,گوشی موبایل Samsung Galaxy S24 Ultra یکی از گوشی‌های پرچمدار و قدرتمند سامسونگ است که با امکانات و قابلیت‌های بسیار با کیفیت، برای استفاده روزمره و همچنین عملکردهای حرفه‌ای مانند عکاسی و بازی طراحی شده است. با ظرفیت 256 گیگابایت حافظه داخلی و رم 12 گیگابایت، این گوشی قدرتمند و کارآمد، برای اجرای برنامه‌ها و بازی‌های سنگین مناسب است. همچنین، این گوشی دارای دو سیم کارت است که امکان استفاده همزمان از دو شماره در یک گوشی را فراهم می‌کند. گفتنی‌ست که همراه این گوشی یک شارژر سامسونگ وجود دارد. در این مطلب، قصد داریم به بررسی جزئیات طراحی و ساخت، نمایشگر، دوربین، عملکرد سخت افزاری، باتری و دیگر بخش‌های این گوشی بپردازیم.